ride_id,rideable_type,started_at,ended_at,start_station_name,start_station_id,end_station_name,end_station_id,start_lat,start_lng,end_lat,end_lng,member_casual
578DDD7CE1771FFA,classic_bike,2024-11-07 19:21:58.206,2024-11-07 19:28:57.301,Walsh Park,18067,Leavitt St & North Ave,TA1308000005,4.191.461,-87.667.968,41.910.533,-87.682.308,member
78B141C50102ABA6,classic_bike,2024-11-22 14:49:00.431,2024-11-22 14:56:15.475,Walsh Park,18067,Leavitt St & Armitage Ave,TA1309000029,4.191.461,-87.667.968,41.917.805,-87.682.437,member
1E794CF36394E2D7,classic_bike,2024-11-08 09:24:00.238,2024-11-08 09:28:33.480,Walsh Park,18067,Damen Ave & Cortland St,13133,4.191.461,-87.667.968,41.915.983,-87.677.335,member
E5DD2CAB58D73F98,classic_bike,2024-11-24 17:51:14.144,2024-11-24 18:05:32.574,Clark St & Elm St,TA1307000039,Clark St & Drummond Pl,TA1307000142,41.902.973,-8.763.128,41.931.248,-87.644.336,member
57F9878BC8C765F1,classic_bike,2024-11-04 14:59:16.032,2024-11-04 15:41:02.456,Clark St & Wellington Ave,TA1307000136,Streeter Dr & Grand Ave,13022,419.364.968.219,-876.475.386.582,41.892.278,-87.612.043,casual
631261306B4ADFBF,classic_bike,2024-11-03 11:24:46.959,2024-11-03 11:32:38.470,Ogden Ave & Congress Pkwy,13081,Aberdeen St & Jackson Blvd,13157,4.187.501,-8.767.328,4.187.772.613,-8.765.478.743,member
E2FE8185C8049E92,electric_bike,2024-11-13 19:49:43.930,2024-11-13 20:00:45.170,Wabash Ave & 9th St,TA1309000010,Aberdeen St & Jackson Blvd,13157,41.870.769,-87.625.734,4.187.772.613,-8.765.478.743,member
D6202DA89BEBEF10,classic_bike,2024-11-04 17:04:14.802,2024-11-04 17:07:10.505,Sheffield Ave & Wellington Ave,TA1307000052,Clark St & Wellington Ave,TA1307000136,419.362.534.831.413,-8.765.266.209.840.770,419.364.968.219,-876.475.386.582,member
FBD83C6776EB4EAE,electric_bike,2024-11-18 17:20:38.129,2024-11-18 17:25:23.760,Clark St & Elm St,TA1307000039,Clark St & Armitage Ave,13146,41.902.973,-8.763.128,41.918.306,-87.636.282,member
983509C7904EDFF4,classic_bike,2024-11-01 19:14:52.979,2024-11-01 19:43:23.323,Aberdeen St & Jackson Blvd,13157,Desplaines St & Kinzie St,TA1306000003,4.187.772.613,-8.765.478.743,41.888.716.036,-876.444.478.533,member
8408AAF0D83F57CA,classic_bike,2024-11-17 13:08:18.895,2024-11-17 13:54:38.009,Damen Ave & Cullerton St,13089,Kildare Ave & North Ave,23192,41.854.966.518.753.900,-8.767.569.959.163.660,419.095.392,-877.338.518,member
CDE47B733979B105,electric_bike,2024-11-06 15:18:54.957,2024-11-06 15:28:58.527,Walsh Park,18067,Albany Ave & Bloomingdale Ave,15655,4.191.461,-87.667.968,4.191.402.671.273,-87.705.126.462,casual
89A3E286B4F11651,electric_bike,2024-11-01 10:09:01.783,2024-11-01 10:12:48.660,Aberdeen St & Jackson Blvd,13157,Canal St & Jackson Blvd,13138,4.187.772.613,-8.765.478.743,41.878.125,-87.639.968,casual
B5DB4DB947F43A3B,electric_bike,2024-11-15 12:10:51.082,2024-11-15 12:16:23.405,Aberdeen St & Jackson Blvd,13157,Canal St & Jackson Blvd,13138,41.877.748.847,-87.654.825.091,41.878.125,-87.639.968,member
6530FAD7CDFC8E25,classic_bike,2024-11-07 20:03:52.736,2024-11-07 20:07:33.130,Aberdeen St & Jackson Blvd,13157,Sangamon St & Washington Blvd,13409,4.187.772.613,-8.765.478.743,41.883.165,-876.511,member
3AE40B4F0B9308C2,electric_bike,2024-11-03 16:48:18.707,2024-11-03 16:59:08.330,Halsted St & Roscoe St,TA1309000025,Clifton Ave & Armitage Ave,TA1307000163,4.194.367,-8.764.895,41.918.216,-87.656.936,member
75DB6865E9257661,electric_bike,2024-11-07 17:57:04.685,2024-11-07 18:18:27.914,Clinton St & Roosevelt Rd,WL-008,Ogden Ave & Roosevelt Rd,KA1504000101,418.671.177.825,-876.410.879.593,4.186.650.148.316,-8.768.469.707,member
196E2691DD54443D,classic_bike,2024-11-12 18:13:19.283,2024-11-12 18:22:04.528,Wabash Ave & Grand Ave,TA1307000117,Wabash Ave & Adams St,KA1503000015,41.891.466,-87.626.761,4.187.947.235.235,-876.256.886.059,member
F734536C1B20451B,classic_bike,2024-11-20 17:50:12.012,2024-11-20 17:57:30.832,Lake Park Ave & 47th St,TA1308000035,Woodlawn Ave & Lake Park Ave,KA1503000065,41.809.443,-87.591.875,4.181.409.271.048,-875.970.051.479,member
EB23C8E4C7E3AA10,classic_bike,2024-11-26 17:41:21.898,2024-11-26 17:49:20.369,Lake Park Ave & 47th St,TA1308000035,Woodlawn Ave & Lake Park Ave,KA1503000065,41.809.443,-87.591.875,4.181.409.271.048,-875.970.051.479,member
AFD290E0E6AD4C14,electric_bike,2024-11-25 18:02:11.552,2024-11-25 18:08:42.170,Lake Park Ave & 47th St,TA1308000035,Woodlawn Ave & Lake Park Ave,KA1503000065,41.809.443,-87.591.875,4.181.409.271.048,-875.970.051.479,member
F1C6186E3C7C5A7E,classic_bike,2024-11-09 15:56:18.020,2024-11-09 15:59:42.606,Lake Park Ave & 47th St,TA1308000035,Woodlawn Ave & Lake Park Ave,KA1503000065,41.809.443,-87.591.875,4.181.409.271.048,-875.970.051.479,member
80EE1EEC7D5DE6AC,electric_bike,2024-11-22 15:13:20.474,2024-11-22 15:19:05.175,Clark St & Wellington Ave,TA1307000136,Lakeview Ave & Fullerton Pkwy,TA1309000019,419.364.968.219,-876.475.386.582,41.925.858,-87.638.973,member
F45C48CA70CBDA0C,electric_bike,2024-11-01 12:31:58.932,2024-11-01 12:37:58.063,Aberdeen St & Jackson Blvd,13157,Franklin St & Monroe St,TA1309000007,4.187.772.613,-8.765.478.743,41.880.317,-87.635.185,member
1F1C348D7349251B,classic_bike,2024-11-24 16:50:01.188,2024-11-24 16:54:03.678,California Ave & Francis Pl,13259,Stave St & Armitage Ave,13266,4.191.849.115.368.690,-8.769.742.280.244.820,41.917.741,-87.691.392,member
E378F80C78C26482,electric_bike,2024-11-14 10:38:17.829,2024-11-14 13:06:21.658,,,State St & Randolph St,TA1305000029,41.87,-87.62,4.188.462.107.257.930,-8.762.783.423.066.130,member
F499D7DE5C214FF0,electric_bike,2024-11-05 12:10:28.658,2024-11-05 12:13:06.107,,,Michigan Ave & Jackson Blvd,TA1309000002,41.87,-87.63,418.777.679,-87.624.164,casual
19422A16A563A1A8,classic_bike,2024-11-01 21:57:27.041,2024-11-01 22:02:09.319,Aberdeen St & Jackson Blvd,13157,Desplaines St & Jackson Blvd,15539,4.187.772.613,-8.765.478.743,4.187.811.890.091.220,-8.764.394.760.131.830,casual
41ECE04122A941A1,electric_bike,2024-11-03 15:50:21.093,2024-11-03 15:56:07.370,Rush St & Hubbard St,KA1503000044,McClurg Ct & Ohio St,TA1306000029,41.890.173,-87.626.185,41.892.592.119.709.700,-8.761.728.912.591.930,member
FEA646E53ADC5A87,classic_bike,2024-11-15 17:12:45.555,2024-11-15 17:29:14.182,Rush St & Hubbard St,KA1503000044,Canal St & Adams St,13011,41.890.173,-87.626.185,41.879.255,-87.639.904,member
65977744ECD0305D,electric_bike,2024-11-01 14:09:24.457,2024-11-01 14:13:54.923,Rush St & Hubbard St,KA1503000044,Orleans St & Hubbard St,636,41.890.173,-87.626.185,41.890.028,-87.636.618,member
A6E9039977B20685,classic_bike,2024-11-09 18:22:06.994,2024-11-09 18:27:49.818,Sheridan Rd & Noyes St (NU),604,Chicago Ave & Sheridan Rd,E008,42.058.239,-87.677.432,42.050.491,-87.677.821,member
F166C85F2AD963EC,classic_bike,2024-11-23 09:03:43.281,2024-11-23 09:10:56.086,Benson Ave & Church St,596,University Library (NU),605,42.048.214,-87.683.485,42.052.939,-87.673.447,member
AF57894B6CB0D302,classic_bike,2024-11-11 09:42:15.156,2024-11-11 09:49:10.193,Benson Ave & Church St,596,University Library (NU),605,42.048.214,-87.683.485,42.052.939,-87.673.447,member
72873D4E4693C5C8,classic_bike,2024-11-02 19:39:55.943,2024-11-02 19:50:45.252,Damen Ave & Cortland St,13133,Ashland Ave & Blackhawk St,13224,41.915.983,-87.677.335,41.907.066,-87.667.252,member
BBC6CCD2BB84FB4C,electric_bike,2024-11-22 08:44:55.457,2024-11-22 08:51:13.207,Laflin St & Cullerton St,13307,Morgan St & Polk St,TA1307000130,4.185.491.457.576.570,-8.766.355.991.363.520,41.871.737,-8.765.103,member
54D4C971D96BC26A,classic_bike,2024-11-01 11:19:39.170,2024-11-01 11:59:13.101,Wabash Ave & 9th St,TA1309000010,Lincoln Ave & Roscoe St*,chargingstx5,41.870.769,-87.625.734,419.433.502.470.174,-8.767.066.776.752.470,member
AA0EB3588DB9C205,classic_bike,2024-11-14 08:40:48.903,2024-11-14 08:47:05.524,Clark St & Elm St,TA1307000039,Wabash Ave & Grand Ave,TA1307000117,41.902.973,-8.763.128,41.891.466,-87.626.761,member
CF5AE3E4086EA7D1,classic_bike,2024-11-20 08:53:59.194,2024-11-20 08:58:49.359,Clinton St & Lake St,13021,Clark St & Lake St,KA1503000012,41.885.637,-87.641.823,4.188.602.082.773,-876.308.760.584,member
3F6D031A87624076,classic_bike,2024-11-15 11:36:24.976,2024-11-15 11:49:28.053,Canal St & Jackson Blvd,13138,Peoria St & Jackson Blvd,13158,41.878.125,-87.639.968,418.776.415.962.753,-8.764.961.779.117.580,casual
B981D0A6F0875344,classic_bike,2024-11-22 18:28:26.203,2024-11-22 18:33:02.894,Clark St & Armitage Ave,13146,Larrabee St & Webster Ave,13193,41.918.306,-87.636.282,41.921.822,-8.764.414,member
BD9C7C198C33C831,classic_bike,2024-11-22 18:34:42.573,2024-11-22 18:59:32.837,Clark St & Wellington Ave,TA1307000136,Damen Ave & Pierce Ave,TA1305000041,419.364.968.219,-876.475.386.582,419.093.960.065,-876.776.919.292,member
ECD5A80DE1AD185E,electric_bike,2024-11-05 08:00:03.928,2024-11-05 08:06:45.999,Lincoln Ave & Roscoe St*,chargingstx5,Broadway & Cornelia Ave,13278,419.433.502.470.174,-8.767.066.776.752.470,41.945.529,-87.646.439,member
FEEB50DDD6D44535,classic_bike,2024-11-19 16:34:10.682,2024-11-19 16:39:07.287,Kedzie Ave & Milwaukee Ave,13085,Richmond St & Diversey Ave,15645,41.928.999,-8.770.803,4.193.190.196.886,-877.011.951.301,member
66C1B692A725DED6,electric_bike,2024-11-19 14:03:14.629,2024-11-19 14:07:22.361,N Carpenter St & W Lake St,20251.0,Clinton St & Washington Blvd,WL-012,41.885.586,-876.531.893,4.188.338,-8.764.117,member
4CFF1981791B33C8,classic_bike,2024-11-15 10:17:40.622,2024-11-15 10:22:57.079,Ada St & Washington Blvd,13353,Clinton St & Washington Blvd,WL-012,4.188.283,-87.661.206,4.188.338,-8.764.117,member
C429D069D77AF8C9,classic_bike,2024-11-26 19:09:21.647,2024-11-26 19:12:37.406,Calumet Ave & 33rd St,13217,Indiana Ave & 31st St,TA1308000036,418.349,-8.761.793,41.838.842,-87.621.857,member
E2D1B4E8FDD905BA,classic_bike,2024-11-01 15:59:46.408,2024-11-01 16:08:27.801,Calumet Ave & 33rd St,13217,State St & 35th St,TA1307000129,418.349,-8.761.793,418.310.363.140.161,-8.762.679.755.687.710,member
0CB5801D345A9975,classic_bike,2024-11-19 16:34:34.461,2024-11-19 16:44:15.186,Orleans St & Merchandise Mart Plaza,TA1305000022,Wells St & Elm St,KA1504000135,41.888.243,-8.763.639,41.903.222,-87.634.324,member
237A56B831A55511,electric_bike,2024-11-18 09:45:33.785,2024-11-18 09:45:46.300,Public Rack - Menard Ave & Belmont Ave,562,Public Rack - Menard Ave & Belmont Ave,562,419.384.526,-877.711.009,419.384.526,-877.711.009,member
1E83B706940D177C,electric_bike,2024-11-09 18:16:19.532,2024-11-09 18:23:31.246,Wells St & Elm St,KA1504000135,Wells St & Randolph St,TA1305000030,41.903.222,-87.634.324,41.884.295,-87.633.963,member
3C5F7FFFC3036AE2,electric_bike,2024-11-07 07:59:11.638,2024-11-07 08:10:00.554,Canal St & Jackson Blvd,13138,Shedd Aquarium,15544,41.878.125,-87.639.968,4.186.722.595.682,-876.153.553.902,member
C7EB54C975C6E7A3,classic_bike,2024-11-14 14:25:40.897,2024-11-14 14:30:08.540,Ada St & Washington Blvd,13353,Green St & Washington Blvd,13053,4.188.283,-87.661.206,4.188.318.130.597.390,-8.764.872.461.557.380,member
C000211AC7669EF4,classic_bike,2024-11-12 17:00:33.625,2024-11-12 17:03:01.877,Calumet Ave & 33rd St,13217,State St & 33rd St,13216,418.349,-8.761.793,41.834.734,-87.625.813,member
B991892A3FC5B038,classic_bike,2024-11-07 18:49:17.022,2024-11-07 18:53:42.667,Calumet Ave & 33rd St,13217,State St & 33rd St,13216,418.349,-8.761.793,41.834.734,-87.625.813,member
68CAB38011B92DC2,classic_bike,2024-11-02 16:13:13.587,2024-11-02 16:16:17.208,Calumet Ave & 33rd St,13217,State St & 33rd St,13216,418.349,-8.761.793,41.834.734,-87.625.813,member
5371D6D6FEFE5E75,classic_bike,2024-11-12 09:42:15.349,2024-11-12 09:45:21.712,Calumet Ave & 33rd St,13217,State St & 33rd St,13216,418.349,-8.761.793,41.834.734,-87.625.813,member
B459044B864A51B6,electric_bike,2024-11-12 13:25:24.309,2024-11-12 13:27:25.054,Calumet Ave & 33rd St,13217,State St & 33rd St,13216,418.349,-8.761.793,41.834.734,-87.625.813,member
811CD6382053CF95,electric_bike,2024-11-23 15:28:16.838,2024-11-23 15:29:58.584,Calumet Ave & 33rd St,13217,State St & 33rd St,13216,418.349,-8.761.793,41.834.734,-87.625.813,member
C207AAF2E2119D9E,classic_bike,2024-11-05 14:45:38.754,2024-11-05 14:47:01.692,Ada St & Washington Blvd,13353,Elizabeth St & Randolph St,23001,4.188.283,-87.661.206,41.884.336,-87.658.902,member
7BAAE7E4B3C47984,electric_bike,2024-11-23 16:14:23.288,2024-11-23 16:20:24.907,State St & Randolph St,TA1305000029,Field Blvd & South Water St,15534,4.188.462.107.257.930,-8.762.783.423.066.130,4.188.634.906.269,-876.175.165.471,member
77FA4783D80A9C8D,classic_bike,2024-11-01 10:39:04.920,2024-11-01 10:45:33.288,Clark St & Armitage Ave,13146,Wells St & Concord Ln,TA1308000050,41.918.306,-87.636.282,41.912.133,-87.634.656,member
120DA4826AEADDD0,electric_bike,2024-11-17 10:05:34.030,2024-11-17 10:15:40.664,Calumet Ave & 33rd St,13217,Halsted St & Archer Ave,TA1308000013,418.349,-8.761.793,41.847.203,-87.646.795,member
EF2405DD7343E851,electric_bike,2024-11-14 12:24:05.050,2024-11-14 12:29:18.227,Sheridan Rd & Columbia Ave,660,Greenview Ave & Jarvis Ave,520,42.004.583,-87.661.406,42.015.962,-8.766.857,member
7E02D6E194037CB4,electric_bike,2024-11-07 12:29:32.795,2024-11-07 12:34:48.667,Sheridan Rd & Columbia Ave,660,Greenview Ave & Jarvis Ave,520,42.004.583,-87.661.406,42.015.962,-8.766.857,member
B8476597EDCE1C47,electric_bike,2024-11-22 17:08:17.063,2024-11-22 17:22:07.422,Ada St & Washington Blvd,13353,Dayton St & North Ave,13058,4.188.283,-87.661.206,419.105.780.349,-876.494.219.288,member
4BBDBFA9C98D0EFB,electric_bike,2024-11-14 06:39:08.884,2024-11-14 06:44:32.829,Sheridan Rd & Montrose Ave,TA1307000107,Ravenswood Ave & Lawrence Ave,TA1309000066,4.196.167,-8.765.464,41.968.445,-87.674.226,casual
BA935EC4410B60E0,electric_bike,2024-11-01 05:41:35.939,2024-11-01 06:13:39.803,Elston Ave & Wabansia Ave,TA1309000032,Keystone Ave & Montrose Ave,KA1504000164,41.912.919,-87.664.169,4.196.110.801.623,-877.289.701.012,member
D2FF673E9DC475EC,classic_bike,2024-11-04 16:26:21.519,2024-11-04 16:31:43.076,Ada St & Washington Blvd,13353,Damen Ave & Madison St,13134,4.188.283,-87.661.206,4.188.137,-8.767.493,member
8890274034F5F9B6,classic_bike,2024-11-20 19:09:46.375,2024-11-20 19:29:05.556,Dayton St & North Ave,13058,Racine Ave & Washington Blvd,654,419.105.780.349,-876.494.219.288,41.883.073,-87.656.952,member
F0FC75FA28408A6E,classic_bike,2024-11-15 15:38:31.277,2024-11-15 16:08:06.777,Canal St & Jackson Blvd,13138,New St & Illinois St,TA1306000013,41.878.125,-87.639.968,41.890.847.040.623.800,-8.761.861.681.938.170,casual
C63671613BFBA6E6,electric_bike,2024-11-17 21:31:20.805,2024-11-17 21:39:47.036,Southport Ave & Belmont Ave,13229,Bissell St & Armitage Ave*,chargingstx1,4.193.947.775.040.500,-876.637.476.682.663,419.182.955.629.354,-8.765.218.332.409.850,member
FA4D63681C2701E6,classic_bike,2024-11-26 17:56:52.167,2024-11-26 18:03:08.917,Wilton Ave & Belmont Ave,TA1307000134,Lincoln Ave & Diversey Pkwy,TA1307000064,41.940.231.918.108.500,-8.765.294.373.035.430,41.932.225,-87.658.617,member
A59658B47BE82C5A,classic_bike,2024-11-23 23:02:02.377,2024-11-23 23:15:10.590,Elston Ave & Wabansia Ave,TA1309000032,Campbell Ave & North Ave,13257,41.912.919,-87.664.169,41.910.535,-87.689.556,member
7E9D25F4439EC60A,classic_bike,2024-11-19 18:24:21.238,2024-11-19 18:46:55.822,Ashland Ave & 13th St,13354,Honore St & Division St,TA1305000034,41.865.234,-87.666.507,41.903.119,-87.673.935,member
D6C253DD74CB7910,classic_bike,2024-11-20 14:30:07.692,2024-11-20 14:49:18.835,Ashland Ave & 13th St,13354,Honore St & Division St,TA1305000034,41.865.234,-87.666.507,41.903.119,-87.673.935,member
8A848D486486CE58,classic_bike,2024-11-12 17:20:10.283,2024-11-12 17:40:44.235,Ashland Ave & 13th St,13354,Honore St & Division St,TA1305000034,41.865.234,-87.666.507,41.903.119,-87.673.935,member
8033BFE1FC6E0F02,classic_bike,2024-11-20 16:39:38.372,2024-11-20 16:42:24.021,Elizabeth St & Randolph St,23001,Morgan St & Lake St*,chargingstx4,41.884.336,-87.658.902,4.188.549.170.626.900,-8.765.228.927.135.460,member
8D6CF9083250136C,electric_bike,2024-11-14 16:34:30.078,2024-11-14 16:43:01.249,Lincoln Ave & Addison St,TA1309000050,Sheffield Ave & Wellington Ave,TA1307000052,41.946.176,-87.673.308,419.362.534.831.413,-8.765.266.209.840.770,member
0BBB1C7BD61099BD,electric_bike,2024-11-08 19:41:04.277,2024-11-08 19:49:28.141,Lincoln Ave & Roscoe St*,chargingstx5,Sheffield Ave & Wellington Ave,TA1307000052,419.433.502.470.174,-8.767.066.776.752.470,419.362.534.831.413,-8.765.266.209.840.770,member
A2386587DCA0166B,electric_bike,2024-11-08 16:16:56.169,2024-11-08 16:31:42.329,Wabash Ave & Grand Ave,TA1307000117,Wabash Ave & 9th St,TA1309000010,41.891.466,-87.626.761,41.870.769,-87.625.734,casual
83115868D7D53884,classic_bike,2024-11-17 13:04:43.495,2024-11-17 13:14:21.456,Sheffield Ave & Kingsbury St,13154,Damen Ave & Cortland St,13133,41.910.522,-87.653.106,41.915.983,-87.677.335,member
7F3054E53FB5126F,classic_bike,2024-11-11 18:49:15.884,2024-11-11 18:54:15.307,Chicago Ave & Sheridan Rd,E008,Sheridan Rd & Noyes St (NU),604,42.050.491,-87.677.821,42.058.239,-87.677.432,member
F37811736B08E3A6,classic_bike,2024-11-16 18:15:09.868,2024-11-16 18:24:10.468,Clinton St & Roosevelt Rd,WL-008,Wabash Ave & 9th St,TA1309000010,418.671.177.825,-876.410.879.593,41.870.769,-87.625.734,member
FDE9D97C7632B4F4,classic_bike,2024-11-18 16:03:44.582,2024-11-18 16:12:14.290,Lake Park Ave & 35th St,KA1503000004,Lake Park Ave & 35th St,KA1503000004,4.183.127.423.549,-876.087.991.946,4.183.127.423.549,-876.087.991.946,member
C0A819FC3F83B61F,electric_bike,2024-11-20 16:00:09.698,2024-11-20 16:09:11.796,,,Damen Ave & Cortland St,13133,41.92,-87.66,41.915.983,-87.677.335,member
20DAD11B237FA3DC,electric_bike,2024-11-24 19:55:49.593,2024-11-24 20:10:06.092,,,Clinton St & Roosevelt Rd,WL-008,41.86,-87.68,418.671.177.825,-876.410.879.593,member
A1EB90A11D6E2EC7,electric_bike,2024-11-25 16:42:04.353,2024-11-25 16:45:30.214,,,Sheridan Rd & Noyes St (NU),604,42.05,-87.67,42.058.239,-87.677.432,member
7FA2C0A645FBC18F,electric_bike,2024-11-14 15:56:24.466,2024-11-14 16:06:26.410,,,Clinton St & Roosevelt Rd,WL-008,41.86,-87.67,418.671.177.825,-876.410.879.593,member
6D94F46D70703D33,electric_bike,2024-11-13 11:33:19.107,2024-11-13 11:35:39.041,,,Clinton St & Roosevelt Rd,WL-008,41.87,-87.65,418.671.177.825,-876.410.879.593,member
E89F5550FD2AAC69,electric_bike,2024-11-10 14:03:09.106,2024-11-10 14:11:14.754,,,Sheffield Ave & Wellington Ave,TA1307000052,41.95,-87.65,419.362.534.831.413,-8.765.266.209.840.770,member
2C68ECDD69489370,electric_bike,2024-11-06 21:04:42.387,2024-11-06 21:13:32.224,State St & Randolph St,TA1305000029,Wabash Ave & 9th St,TA1309000010,4.188.462.107.257.930,-8.762.783.423.066.130,41.870.769,-87.625.734,casual
F1CABC5C716C3278,classic_bike,2024-11-18 17:21:12.367,2024-11-18 17:28:24.592,Stave St & Armitage Ave,13266,Damen Ave & Cortland St,13133,41.917.741,-87.691.392,41.915.983,-87.677.335,member
46B5D73BA10E5B4C,electric_bike,2024-11-10 13:52:13.182,2024-11-10 14:01:18.128,Franklin St & Monroe St,TA1309000007,Clark St & Elm St,TA1307000039,41.880.317,-87.635.185,41.902.973,-8.763.128,member
2E03F9D237718EEC,electric_bike,2024-11-02 18:20:43.708,2024-11-02 18:42:22.868,Racine Ave & Belmont Ave,TA1308000019,Damen Ave & Cortland St,13133,41.939.743,-87.658.865,41.915.983,-87.677.335,member
6B7B868C099A5905,electric_bike,2024-11-07 15:40:36.514,2024-11-07 15:50:43.504,Ogden Ave & Roosevelt Rd,KA1504000101,Clinton St & Roosevelt Rd,WL-008,4.186.650.148.316,-8.768.469.707,418.671.177.825,-876.410.879.593,member
DBD5B1634AF68060,classic_bike,2024-11-26 17:13:56.632,2024-11-26 17:26:56.786,Clark St & Winnemac Ave,TA1309000035,Western Ave & Leland Ave,TA1307000140,41.973.347.640.473.000,-876.678.554.713.726,41.966.399.801.840.900,-8.768.870.428.204.530,member
E06CD0FBE843E0C0,classic_bike,2024-11-19 17:16:04.741,2024-11-19 17:40:05.107,Clinton St & Lake St,13021,Sheffield Ave & Wellington Ave,TA1307000052,41.885.637,-87.641.823,419.362.534.831.413,-8.765.266.209.840.770,member
60096EC343E77CC1,electric_bike,2024-11-04 13:18:26.340,2024-11-04 13:31:34.665,Canal St & Jackson Blvd,13138,Clark St & Elm St,TA1307000039,41.878.125,-87.639.968,41.902.973,-8.763.128,member
57289D607BDA65B6,electric_bike,2024-11-12 20:03:54.598,2024-11-12 20:18:28.612,Southport Ave & Wrightwood Ave,TA1307000113,Clark St & Elm St,TA1307000039,41.928.773,-87.663.913,41.902.973,-8.763.128,member
0D1BCECD9C75294D,electric_bike,2024-11-27 16:13:24.876,2024-11-27 16:24:14.332,Elizabeth St & Randolph St,23001,Clinton St & Roosevelt Rd,WL-008,41.884.336,-87.658.902,418.671.177.825,-876.410.879.593,member
A76ECD40D09B37D6,electric_bike,2024-11-24 20:51:28.763,2024-11-24 21:00:19.314,Larrabee St & Armitage Ave,TA1309000006,Damen Ave & Cortland St,13133,41.918.084,-87.643.749,41.915.983,-87.677.335,member
2BAE8A47A34C6037,electric_bike,2024-11-07 19:51:27.650,2024-11-07 20:07:19.060,Lakefront Trail & Bryn Mawr Ave,15576,Western Ave & Leland Ave,TA1307000140,4.198.404.411.519.210,-8.765.228.122.472.760,41.966.399.801.840.900,-8.768.870.428.204.530,member
493BCE15E6946529,classic_bike,2024-11-19 15:35:35.758,2024-11-19 15:45:34.997,Michigan Ave & Washington St,13001,Clark St & Elm St,TA1307000039,418.839.840.647.265,-876.246.839.761.734,41.902.973,-8.763.128,member
6F20CBB430C9DB09,classic_bike,2024-11-02 15:51:55.997,2024-11-02 16:01:35.841,Throop St & Taylor St,13139,Clinton St & Roosevelt Rd,WL-008,41.868.968,-87.659.141,418.671.177.825,-876.410.879.593,member
98FF5BD657F67372,electric_bike,2024-11-20 16:40:03.915,2024-11-20 16:43:31.175,Franklin St & Chicago Ave,13017,Clark St & Elm St,TA1307000039,41.896.746.973.093.800,-8.763.566.762.208.930,41.902.973,-8.763.128,member
BA015A5D599B5662,classic_bike,2024-11-01 14:41:39.934,2024-11-01 14:46:18.155,Broadway & Granville Ave,15571,Sheridan Rd & Loyola Ave,RP-009,419.947.796.884,-876.602.845.349,4.200.104.377.979,-876.611.982.433,member
F365342748591C7A,electric_bike,2024-11-13 15:48:53.064,2024-11-13 16:03:18.497,Kingsbury St & Kinzie St,KA1503000043,Clinton St & Roosevelt Rd,WL-008,4.188.917.683.258,-876.385.057.718,418.671.177.825,-876.410.879.593,member
214BDE86190A7C96,electric_bike,2024-11-06 14:39:03.780,2024-11-06 14:48:34.451,Michigan Ave & Lake St,TA1305000011,Wabash Ave & 9th St,TA1309000010,41.886.022,-87.624.398,41.870.769,-87.625.734,casual
24A0E8AF6FB7C4C1,electric_bike,2024-11-09 11:27:41.990,2024-11-09 11:35:24.623,Elston Ave & Wabansia Ave,TA1309000032,Damen Ave & Cortland St,13133,41.912.919,-87.664.169,41.915.983,-87.677.335,member
4F5C0547F390B54E,electric_bike,2024-11-06 07:58:06.437,2024-11-06 08:08:21.911,Dayton St & North Ave,13058,Sheffield Ave & Wellington Ave,TA1307000052,419.105.780.349,-876.494.219.288,419.362.534.831.413,-8.765.266.209.840.770,member
75CD787833EFDB23,classic_bike,2024-11-08 13:03:28.208,2024-11-08 13:15:41.514,Damen Ave & 59th St,561,Western Blvd & 48th Pl,594,41.785.861.065.132,-8.767.414.391.040.800,41.805.661,-87.683.392,member
690FE09617021F19,electric_bike,2024-11-04 20:00:17.723,2024-11-04 20:03:06.651,Broadway & Barry Ave,13137,Sheffield Ave & Wellington Ave,TA1307000052,4.193.758.231.600.620,-876.440.978.050.232,419.362.534.831.413,-8.765.266.209.840.770,member
BD51B0CC499898CC,electric_bike,2024-11-12 08:44:49.944,2024-11-12 09:15:27.987,Sheridan Rd & Irving Park Rd,13063,Public Rack - Pulaski Rd & Armitage Ave,517,41.954.245,-87.654.406,4.191.702,-87.727.096,member
2942A030F232AD14,electric_bike,2024-11-02 20:45:11.658,2024-11-02 20:51:17.655,Noble St & Milwaukee Ave,13290,Damen Ave & Cortland St,13133,419.007,-87.662.607,41.915.983,-87.677.335,member
E6A6FD37D43B7594,classic_bike,2024-11-05 18:59:07.957,2024-11-05 19:25:59.727,Sedgwick St & Webster Ave,13191,Western Ave & Leland Ave,TA1307000140,41.922.167,-87.638.888,41.966.399.801.840.900,-8.768.870.428.204.530,member
1745AB19CAD867F2,classic_bike,2024-11-27 17:39:14.389,2024-11-27 17:44:02.419,Clark St & North Ave,13128,Clark St & Elm St,TA1307000039,41.911.974,-87.631.942,41.902.973,-8.763.128,member
9927EE660DDFFB9E,classic_bike,2024-11-14 17:45:52.672,2024-11-14 17:56:46.094,Daley Center Plaza,TA1306000010,Clark St & Elm St,TA1307000039,41.884.241,-87.629.634,41.902.973,-8.763.128,member
D129973BC6CED869,classic_bike,2024-11-10 13:50:01.827,2024-11-10 14:22:56.767,Shedd Aquarium,15544,Rush St & Cedar St,KA1504000133,4.186.722.595.682,-876.153.553.902,4.190.230.870.122,-87.627.690.528,casual
433CD0F7F6194E9A,electric_bike,2024-11-11 07:53:44.009,2024-11-11 08:01:13.828,St. Louis Ave & Fullerton Ave,KA1504000090,California Ave & Francis Pl,13259,4.192.481.559.681.180,-8.771.449.506.282.800,4.191.849.115.368.690,-8.769.742.280.244.820,member
BBEE0CE5E535CCCC,classic_bike,2024-11-13 13:07:13.752,2024-11-13 13:28:19.328,Winthrop Ave & Lawrence Ave,TA1308000021,Winthrop Ave & Lawrence Ave,TA1308000021,41.968.812,-87.657.659,41.968.812,-87.657.659,member
6334D754881B311B,classic_bike,2024-11-03 15:39:15.651,2024-11-03 15:43:01.092,Clark St & Elm St,TA1307000039,Dearborn Pkwy & Delaware Pl,TA1307000128,41.902.973,-8.763.128,41.898.969,-87.629.912,member
A7D329A117E2693D,electric_bike,2024-11-23 10:59:41.819,2024-11-23 11:02:30.030,Clark St & Elm St,TA1307000039,Dearborn Pkwy & Delaware Pl,TA1307000128,41.902.973,-8.763.128,41.898.969,-87.629.912,member
C8710AD168C8C4D2,electric_bike,2024-11-07 17:22:31.320,2024-11-07 17:24:14.894,Stave St & Armitage Ave,13266,California Ave & Francis Pl,13259,41.917.741,-87.691.392,4.191.849.115.368.690,-8.769.742.280.244.820,member
3DB3517C62AFBE3F,classic_bike,2024-11-05 18:36:04.550,2024-11-05 19:04:00.178,Wells St & Elm St,KA1504000135,California Ave & Francis Pl,13259,41.903.222,-87.634.324,4.191.849.115.368.690,-8.769.742.280.244.820,member
7D9759C61C472294,classic_bike,2024-11-26 09:25:35.990,2024-11-26 09:29:54.950,Lincoln Ave & Waveland Ave,13253,Ravenswood Ave & Irving Park Rd,TA1307000149,41.948.797,-87.675.278,4.195.469,-8.767.393,member
234B5EACE3A00FFD,electric_bike,2024-11-16 13:06:20.731,2024-11-16 13:09:20.950,Wells St & Elm St,KA1504000135,Dearborn Pkwy & Delaware Pl,TA1307000128,41.903.222,-87.634.324,41.898.969,-87.629.912,casual
478F1CC04A522501,classic_bike,2024-11-22 07:48:44.911,2024-11-22 07:50:18.715,Lincoln Ave & Waveland Ave,13253,Lincoln Ave & Addison St,TA1309000050,41.948.797,-87.675.278,41.946.176,-87.673.308,member
751171F84057F162,classic_bike,2024-11-20 10:36:16.164,2024-11-20 10:38:02.387,Lincoln Ave & Waveland Ave,13253,Lincoln Ave & Addison St,TA1309000050,41.948.797,-87.675.278,41.946.176,-87.673.308,member
322D09DA0A24FDD3,electric_bike,2024-11-22 07:48:24.964,2024-11-22 08:24:30.998,Clark St & Schreiber Ave,KA1504000156,Dearborn Pkwy & Delaware Pl,TA1307000128,41.999.245,-87.671.249,41.898.969,-87.629.912,member
3E4963BB32F76464,electric_bike,2024-11-03 09:25:14.529,2024-11-03 09:53:26.070,Clark St & Schreiber Ave,KA1504000156,Leavitt St & North Ave,TA1308000005,41.999.245,-87.671.249,41.910.533,-87.682.308,member
553F3572945764CC,classic_bike,2024-11-05 15:48:59.300,2024-11-05 15:50:15.423,Clark St & Ida B Wells Dr,TA1305000009,Dearborn St & Van Buren St,624,418.759.326.655,-876.305.845.355,41.876.268,-87.629.155,member
83D897FD34FBB13C,classic_bike,2024-11-15 16:39:52.966,2024-11-15 17:01:19.166,Sheridan Rd & Columbia Ave,660,Sheridan Rd & Columbia Ave,660,42.004.583,-87.661.406,42.004.583,-87.661.406,member
1ECB2FB2FB19B93D,classic_bike,2024-11-07 18:29:24.904,2024-11-07 18:34:25.750,Wells St & Institute Pl,22001,State St & Chicago Ave,21544,4.189.737.986.072.310,-8.763.442.039.489.740,4.189.661.720.040.750,-8.762.857.854.366.300,member
65ED30A6BCDF97E5,classic_bike,2024-11-12 10:00:02.345,2024-11-12 10:11:42.201,Clark St & North Ave,13128,Michigan Ave & Oak St,13042,41.911.974,-87.631.942,4.190.096.039,-8.762.377.664,member
1752569339E03A2E,electric_bike,2024-11-11 21:14:12.734,2024-11-11 21:18:41.197,Clark St & North Ave,13128,Michigan Ave & Oak St,13042,41.911.974,-87.631.942,4.190.096.039,-8.762.377.664,member
9CED35F7836445C2,electric_bike,2024-11-04 18:48:21.713,2024-11-04 19:06:34.859,Lincoln Ave & Sunnyside Ave,TA1307000156,Broadway & Barry Ave,13137,41.963.004,-87.684.781,4.193.758.231.600.620,-876.440.978.050.232,member
E3E637BEF0EDA513,electric_bike,2024-11-20 14:53:43.883,2024-11-20 14:59:12.801,Aberdeen St & Jackson Blvd,13157,,,4.187.772.613,-8.765.478.743,41.88,-87.66,member
7D933495FEBEF69B,electric_bike,2024-11-04 19:43:29.261,2024-11-04 19:46:53.175,Clark St & Wellington Ave,TA1307000136,,,419.364.968.219,-876.475.386.582,41.93,-87.64,member
72E293D2CCAECEA7,electric_bike,2024-11-17 14:26:08.651,2024-11-17 14:35:12.023,Walsh Park,18067,,,4.191.461,-87.667.968,41.92,-87.64,member
DC732A32202DA841,electric_bike,2024-11-07 20:07:34.061,2024-11-07 20:12:37.989,Halsted St & Roscoe St,TA1309000025,,,4.194.367,-8.764.895,41.93,-87.65,member
425C2A11B42B0241,classic_bike,2024-11-13 09:31:59.453,2024-11-13 09:39:39.404,Michigan Ave & Jackson Blvd,TA1309000002,Canal St & Jackson Blvd,13138,418.777.679,-87.624.164,41.878.125,-87.639.968,member
A13561E51ACB6C28,classic_bike,2024-11-08 18:29:28.529,2024-11-08 18:38:56.673,Damen Ave & Cortland St,13133,Albany Ave & Bloomingdale Ave,15655,41.915.983,-87.677.335,4.191.402.671.273,-87.705.126.462,member
92A5E8D3A44CB1C1,electric_bike,2024-11-09 12:52:38.142,2024-11-09 12:59:31.574,Damen Ave & Cortland St,13133,Albany Ave & Bloomingdale Ave,15655,41.915.983,-87.677.335,4.191.402.671.273,-87.705.126.462,member
C3D3AEF3E395B2DF,classic_bike,2024-11-20 19:35:38.082,2024-11-20 19:42:42.543,Dearborn Pkwy & Delaware Pl,TA1307000128,Clybourn Ave & Division St,TA1307000115,41.898.969,-87.629.912,41.904.613,-87.640.552,member
5B74A3282B04B3CB,electric_bike,2024-11-06 07:04:42.124,2024-11-06 07:06:07.714,Albany Ave & Bloomingdale Ave,15655,Albany Ave & Bloomingdale Ave,15655,4.191.402.671.273,-87.705.126.462,4.191.402.671.273,-87.705.126.462,member
1B24197FABA3B9E7,classic_bike,2024-11-19 12:25:58.643,2024-11-19 13:06:49.159,Cottage Grove Ave & 63rd St,KA1503000054,Cottage Grove Ave & 63rd St,KA1503000054,4.178.053.094.070.880,-876.059.702.038.765,4.178.053.094.070.880,-876.059.702.038.765,member
E0735EB23037224E,electric_bike,2024-11-11 16:14:07.742,2024-11-11 16:17:35.522,,,Canal St & Jackson Blvd,13138,41.89,-87.64,41.878.125,-87.639.968,member
6C954B0AA910BAD4,electric_bike,2024-11-11 17:12:29.168,2024-11-11 17:21:31.287,Elizabeth St & Randolph St,23001,Canal St & Jackson Blvd,13138,41.884.336,-87.658.902,41.878.125,-87.639.968,member
24F53493EB20D302,electric_bike,2024-11-13 16:16:47.788,2024-11-13 16:44:47.796,Broadway & Cornelia Ave,13278,Washtenaw Ave & Peterson Ave,458,41.945.529,-87.646.439,4.199.066,-87.697.075,member
015A0463E2012640,classic_bike,2024-11-06 07:01:01.682,2024-11-06 07:04:04.291,Spaulding Ave & Armitage Ave,15650,Albany Ave & Bloomingdale Ave,15655,41.917.108.034.789.300,-8.771.022.096.276.280,4.191.402.671.273,-87.705.126.462,member
DA199CD7740B0A37,electric_bike,2024-11-12 15:27:50.215,2024-11-12 15:30:29.143,Clark St & Ida B Wells Dr,TA1305000009,Canal St & Jackson Blvd,13138,418.759.326.655,-876.305.845.355,41.878.125,-87.639.968,member
1CC3B587EF0864F3,classic_bike,2024-11-23 08:39:31.667,2024-11-23 08:51:37.949,Dearborn Pkwy & Delaware Pl,TA1307000128,Dearborn St & Monroe St,TA1305000006,41.898.969,-87.629.912,41.881.319.815,-876.295.209.193,member
A46591AFC900DC2D,classic_bike,2024-11-14 17:16:06.931,2024-11-14 17:55:14.899,Dearborn Pkwy & Delaware Pl,TA1307000128,Broadway & Argyle St,13108,41.898.969,-87.629.912,4.197.423,-876.597.735,member
A542A0A07F0D0552,electric_bike,2024-11-15 18:44:02.210,2024-11-15 18:51:30.809,Ogden Ave & Congress Pkwy,13081,Throop St & Taylor St,13139,4.187.501,-8.767.328,41.868.968,-87.659.141,member
AAB9C0C5252FC531,classic_bike,2024-11-02 08:54:07.379,2024-11-02 09:08:08.248,Desplaines St & Randolph St,15535,Michigan Ave & Washington St,13001,41.883.703,-87.644.238,418.839.840.647.265,-876.246.839.761.734,casual
DCB2E7D74871F66D,classic_bike,2024-11-14 16:04:32.615,2024-11-14 16:14:39.090,Franklin St & Monroe St,TA1309000007,Michigan Ave & Washington St,13001,41.880.317,-87.635.185,418.839.840.647.265,-876.246.839.761.734,member
744C78AE142D815E,classic_bike,2024-11-03 07:12:49.329,2024-11-03 07:26:17.662,Michigan Ave & Jackson Blvd,TA1309000002,Canal St & Taylor St,15550,418.777.679,-87.624.164,41.870.257,-87.639.474,member
54042EB87F0977F5,classic_bike,2024-11-19 17:11:07.264,2024-11-19 17:20:25.816,Franklin St & Monroe St,TA1309000007,Franklin St & Chicago Ave,13017,41.880.317,-87.635.185,41.896.746.973.093.800,-8.763.566.762.208.930,member
B82E8A38BE44FB9C,classic_bike,2024-11-26 13:18:11.520,2024-11-26 13:21:17.524,Blue Island Ave & 18th St,13135,Morgan St & 18th St,13163,41.857.556,-87.661.535,41.858.086,-87.651.073,member
C34850BA4B20B3E8,classic_bike,2024-11-16 16:22:34.603,2024-11-16 16:25:36.739,Wells St & Elm St,KA1504000135,Franklin St & Chicago Ave,13017,41.903.222,-87.634.324,41.896.746.973.093.800,-8.763.566.762.208.930,member
2B8AC6BCD21D9D14,electric_bike,2024-11-25 06:00:26.959,2024-11-25 06:11:27.764,Clark St & Schiller St,TA1309000024,Dearborn St & Monroe St,TA1305000006,41.907.993,-87.631.501,41.881.319.815,-876.295.209.193,member
D96B96E12500F651,classic_bike,2024-11-03 23:06:25.040,2024-11-03 23:17:04.207,Sheridan Rd & Lawrence Ave,TA1309000041,Lakefront Trail & Bryn Mawr Ave,15576,41.969.517,-87.654.691,4.198.404.411.519.210,-8.765.228.122.472.760,member
31F85793DDCD9A26,electric_bike,2024-11-20 08:54:04.127,2024-11-20 09:06:04.376,Southport Ave & Wrightwood Ave,TA1307000113,Franklin St & Chicago Ave,13017,41.928.773,-87.663.913,41.896.746.973.093.800,-8.763.566.762.208.930,member
A91F1036AFEF154B,classic_bike,2024-11-04 14:38:12.523,2024-11-04 14:48:36.086,Kingsbury St & Kinzie St,KA1503000043,Dearborn St & Monroe St,TA1305000006,4.188.917.683.258,-876.385.057.718,41.881.319.815,-876.295.209.193,member
FE2032050C6F9568,electric_bike,2024-11-05 13:12:17.118,2024-11-05 13:30:05.848,Washtenaw Ave & Peterson Ave,458,Broadway & Argyle St,13108,4.199.066,-87.697.075,4.197.423,-876.597.735,member
E466888163112623,electric_bike,2024-11-19 21:27:30.123,2024-11-19 21:45:52.092,,,California Ave & Fletcher St,15642,41.96,-87.68,4.193.842.879.148,-87.698.007.756,member
85DA27301B4274C9,electric_bike,2024-11-13 07:35:54.943,2024-11-13 08:00:05.212,,,Michigan Ave & Washington St,13001,41.83,-87.65,418.839.840.647.265,-876.246.839.761.734,member
AB91E278557C3253,electric_bike,2024-11-07 21:00:41.273,2024-11-07 21:03:20.705,,,Wood St & Milwaukee Ave,13221,41.91,-87.68,41.907.655,-87.672.552,member
2CC01C0F293E2DED,classic_bike,2024-11-10 11:49:58.365,2024-11-10 12:01:02.959,Morgan Ave & 14th Pl,TA1306000002,Canal St & Taylor St,15550,41.862.378,-87.651.062,41.870.257,-87.639.474,member
ACA5326E714D6394,electric_bike,2024-11-04 23:33:58.821,2024-11-04 23:37:11.042,,,Franklin St & Chicago Ave,13017,41.89,-87.63,41.896.746.973.093.800,-8.763.566.762.208.930,member
5F76D99232BEE713,electric_bike,2024-11-05 15:54:38.982,2024-11-05 15:58:52.769,,,Wood St & Milwaukee Ave,13221,41.91,-87.68,41.907.655,-87.672.552,member
578B0C455B6B27B7,classic_bike,2024-11-08 16:28:00.141,2024-11-08 16:30:53.932,Broadway & Berwyn Ave,13109,Broadway & Argyle St,13108,41.978.361,-87.659.789,4.197.423,-876.597.735,member
971BA2144FD41BD4,electric_bike,2024-11-08 21:26:33.370,2024-11-08 21:48:04.419,Calumet Ave & 33rd St,13217,Western Ave & 21st St,13091,418.349,-8.761.793,41.854.109,-87.685.838,member
8A327CC3C217458D,electric_bike,2024-11-20 15:36:22.315,2024-11-20 15:41:40.811,Franklin St & Jackson Blvd,TA1305000025,Michigan Ave & Washington St,13001,418.777.079.559,-876.353.211.408,418.839.840.647.265,-876.246.839.761.734,member
6E2E2CC4989D8E81,classic_bike,2024-11-14 20:16:20.232,2024-11-14 20:29:29.650,Green St & Randolph St*,chargingstx3,Michigan Ave & Washington St,13001,41.883.601.657.275.100,-8.764.862.671.494.480,418.839.840.647.265,-876.246.839.761.734,member
CB5F47658134494D,electric_bike,2024-11-07 16:52:12.775,2024-11-07 16:54:00.760,Canal St & Harrison St,13326,Canal St & Taylor St,15550,41.874.282.241,-87.639.546.275,41.870.257,-87.639.474,member
87C26451EE46A7AA,electric_bike,2024-11-27 16:21:23.061,2024-11-27 16:28:49.410,Damen Ave & Charleston St,13288,Western Ave & Walton St,KA1504000103,41.920.082,-87.677.855,4.189.841.768.945,-876.865.960.164,member
6222BA2F686FC9D3,classic_bike,2024-11-06 20:36:39.474,2024-11-06 20:51:59.331,Clark St & Grace St,TA1307000127,Lincoln Ave & Fullerton Ave,TA1309000058,4.195.078,-87.659.172,41.924.161.029.067.600,-8.764.638.036.489.480,member
5174B146D9B6E33C,classic_bike,2024-11-12 19:01:23.300,2024-11-12 19:08:02.829,Wabash Ave & Grand Ave,TA1307000117,Orleans St & Chestnut St (NEXT Apts),620,41.891.466,-87.626.761,41.898.203,-87.637.536,member
2C0BC0AFFD4794FA,electric_bike,2024-11-16 12:38:48.782,2024-11-16 12:57:36.783,Damen Ave & Clybourn Ave,13271,Hoyne Ave & Balmoral Ave,655,41.931.931,-87.677.856,41.979.851,-87.681.932,member
E4241B1EFBA323DA,classic_bike,2024-11-14 16:15:03.353,2024-11-14 16:24:12.352,Wells St & Randolph St,TA1305000030,Orleans St & Chestnut St (NEXT Apts),620,41.884.295,-87.633.963,41.898.203,-87.637.536,member
B0A09B81F351340F,electric_bike,2024-11-11 05:20:31.498,2024-11-11 05:28:49.463,Elizabeth St & Randolph St,23001,Orleans St & Chestnut St (NEXT Apts),620,41.884.336,-87.658.902,41.898.203,-87.637.536,member
C9731D3859902FD2,classic_bike,2024-11-04 10:35:55.209,2024-11-04 10:41:36.793,Sedgwick St & North Ave,TA1307000038,Orleans St & Chestnut St (NEXT Apts),620,41.911.386,-87.638.677,41.898.203,-87.637.536,member
06D8B0BDBC6BABB6,classic_bike,2024-11-04 18:03:50.706,2024-11-04 18:18:45.373,Elston Ave & Wabansia Ave,TA1309000032,Desplaines St & Kinzie St,TA1306000003,41.912.919,-87.664.169,41.888.716.036,-876.444.478.533,casual
1F7123C328257EC8,classic_bike,2024-11-14 14:51:18.364,2024-11-14 14:55:56.100,Clark St & Chicago Ave,13303,Orleans St & Chestnut St (NEXT Apts),620,4.189.675,-8.763.089,41.898.203,-87.637.536,member
D9CEE0098437CD9E,electric_bike,2024-11-02 13:20:51.908,2024-11-02 13:26:11.341,Racine Ave & Randolph St,13155,Desplaines St & Kinzie St,TA1306000003,41.884.081.224.846.800,-8.765.692.072.930.310,41.888.716.036,-876.444.478.533,member
94997FE1B74F1D4A,electric_bike,2024-11-26 16:02:42.415,2024-11-26 16:06:59.927,State St & Kinzie St,13050,Desplaines St & Kinzie St,TA1306000003,41.889.118.671,-87.627.015.591,41.888.716.036,-876.444.478.533,member
53788620F54C661E,electric_bike,2024-11-28 08:59:12.131,2024-11-28 09:03:27.280,Clinton St & Madison St,TA1305000032,Desplaines St & Kinzie St,TA1306000003,41.882.751.965.685.600,-8.764.119.029.045.100,41.888.716.036,-876.444.478.533,member
4EEFC3A121D58F30,classic_bike,2024-11-11 07:15:58.594,2024-11-11 07:24:38.226,Wells St & Walton St,TA1306000011,Desplaines St & Kinzie St,TA1306000003,4.189.993.001,-8.763.443.007,41.888.716.036,-876.444.478.533,member
ED210915B3569D42,electric_bike,2024-11-08 21:05:56.450,2024-11-08 21:09:38.571,Green St & Madison St,TA1307000120,Desplaines St & Kinzie St,TA1306000003,41.881.859.328.038.200,-8.764.926.373.958.580,41.888.716.036,-876.444.478.533,member
578939CD4E89315A,classic_bike,2024-11-25 10:39:53.234,2024-11-25 10:49:41.377,Sedgwick St & Webster Ave,13191,Orleans St & Chestnut St (NEXT Apts),620,41.922.167,-87.638.888,41.898.203,-87.637.536,member
C2762FE41704AF3F,classic_bike,2024-11-07 06:55:57.007,2024-11-07 06:58:18.020,Orleans St & Elm St,TA1306000006,Orleans St & Chestnut St (NEXT Apts),620,41.902.924,-87.637.715,41.898.203,-87.637.536,member
62608316547CB98D,classic_bike,2024-11-17 12:15:10.458,2024-11-17 13:17:39.371,State St & Randolph St,TA1305000029,Michigan Ave & Madison St,13036,4.188.462.107.257.930,-8.762.783.423.066.130,41.882.134,-87.625.125,casual
78F1711456C4B4AA,classic_bike,2024-11-08 16:44:38.727,2024-11-08 16:55:37.422,Aberdeen St & Jackson Blvd,13157,Halsted St & Maxwell St,TA1309000001,4.187.772.613,-8.765.478.743,41.864.883,-87.647.071,casual
A930C4447D41D4E9,electric_bike,2024-11-01 22:07:32.692,2024-11-01 22:09:34.018,Winthrop Ave & Lawrence Ave,TA1308000021,Broadway & Wilson Ave,13074,41.968.812,-87.657.659,41.965.221,-87.658.139,member
0CE8E59E4345C760,classic_bike,2024-11-22 10:12:28.503,2024-11-22 10:14:57.984,Winthrop Ave & Lawrence Ave,TA1308000021,Broadway & Wilson Ave,13074,41.968.812,-87.657.659,41.965.221,-87.658.139,member
D721E322D649C4BF,classic_bike,2024-11-04 19:01:28.977,2024-11-04 19:03:50.255,Winthrop Ave & Lawrence Ave,TA1308000021,Broadway & Wilson Ave,13074,41.968.812,-87.657.659,41.965.221,-87.658.139,member
CC7AFA493B9A2202,classic_bike,2024-11-01 23:55:49.635,2024-11-02 00:00:58.812,Wabash Ave & Adams St,KA1503000015,Wabash Ave & Adams St,KA1503000015,4.187.947.235.235,-876.256.886.059,4.187.947.235.235,-876.256.886.059,member